SET search_path TO :'schema';


UPDATE "Users" SET "notifyLevel" = 0;
UPDATE "Users" SET "notifyLevel" = 2 WHERE "email" = 'test-adm@mail.net';
UPDATE "Users" SET "notifyLevel" = 2 WHERE "email" = 'user2@mail.net';
UPDATE "Organizations" SET "enableFeaturePolicy" = true;
INSERT INTO "UnitOfAnalysis" ("id", "gadmId0", "gadmId1", "gadmId2", "gadmId3", "gadmObjectId", "ISO", "ISO2", "nameISO", "name", "description", "shortName", "HASC", "unitOfAnalysisType", "parentId", "creatorId", "ownerId", "visibility", "status", "created", "deleted", "langId", "updated") VALUES (66, NULL, NULL, NULL, NULL, NULL, NULL, NULL, NULL, 'Russia', 'Russian Federation', 'Russia', NULL, 1, NULL, 2, 2, 1, 1, '2016-5-8 12:15:00.017', NULL, 1, NULL);
INSERT INTO "Groups" ("id", "title", "organizationId", "langId") VALUES (2, 'Admin&User1', 2, NULL);
INSERT INTO "Groups" ("id", "title", "organizationId", "langId") VALUES (3, 'User2&User3', 2, NULL);
INSERT INTO "Groups" ("id", "title", "organizationId", "langId") VALUES (4, 'User1&User3', 2, NULL);
INSERT INTO "UserGroups" ("userId", "groupId") VALUES (2, 2);
INSERT INTO "UserGroups" ("userId", "groupId") VALUES (3, 2);
INSERT INTO "UserGroups" ("userId", "groupId") VALUES (4, 3);
INSERT INTO "UserGroups" ("userId", "groupId") VALUES (5, 3);
INSERT INTO "UserGroups" ("userId", "groupId") VALUES (3, 4);
INSERT INTO "UserGroups" ("userId", "groupId") VALUES (5, 4);
INSERT INTO "Policies" VALUES ('2', 'Section 1', 'Subsection 1', '2', '1');
INSERT INTO "Surveys" ("id", "title", "description", "created", "projectId", "isDraft", "langId", "policyId") VALUES (2, 'Survey 1', NULL, '2016-5-8 12:22:37.732', 2, 'f', NULL, 2);
INSERT INTO "SurveyQuestions" ("id", "surveyId", "type", "label", "isRequired", "position", "description", "skip", "size", "minLength", "maxLength", "isWordmml", "incOtherOpt", "units", "intOnly", "value", "qid", "links", "attachment", "optionNumbering", "langId") VALUES (9, 2, 0, 'Q9 text', 't', 9, '', 0, 0, NULL, NULL, 'f', 'f', NULL, 'f', NULL, '', NULL, NULL, NULL, NULL);
INSERT INTO "SurveyQuestions" ("id", "surveyId", "type", "label", "isRequired", "position", "description", "skip", "size", "minLength", "maxLength", "isWordmml", "incOtherOpt", "units", "intOnly", "value", "qid", "links", "attachment", "optionNumbering", "langId") VALUES (10, 2, 0, 'Q10 text', 't', 10, '', 0, 0, NULL, NULL, 'f', 'f', NULL, 'f', NULL, '', NULL, NULL, NULL, NULL);
INSERT INTO "SurveyQuestions" ("id", "surveyId", "type", "label", "isRequired", "position", "description", "skip", "size", "minLength", "maxLength", "isWordmml", "incOtherOpt", "units", "intOnly", "value", "qid", "links", "attachment", "optionNumbering", "langId") VALUES (11, 2, 0, 'Q11 text', 't', 11, '', 0, 0, NULL, NULL, 'f', 'f', NULL, 'f', NULL, '', NULL, NULL, NULL, NULL);
INSERT INTO "SurveyQuestions" VALUES ('1', '2', '14', 'POLICY.SECTION_0', 'f', '1', '', null, null, null, null, 'f', 'f', null, 'f', null, null, null, null, null, null, 'f');
INSERT INTO "SurveyQuestions" VALUES ('2', '2', '14', 'POLICY.SECTION_1', 'f', '2', '', null, null, null, null, 'f', 'f', null, 'f', null, null, null, null, null, null, 'f');
INSERT INTO "SurveyQuestions" VALUES ('3', '2', '14', 'POLICY.SECTION_2', 'f', '3', '', null, null, null, null, 'f', 'f', null, 'f', null, null, null, null, null, null, 'f');
INSERT INTO "SurveyQuestions" VALUES ('4', '2', '14', 'POLICY.SECTION_3', 'f', '4', '', null, null, null, null, 'f', 'f', null, 'f', null, null, null, null, null, null, 'f');
INSERT INTO "SurveyQuestions" VALUES ('5', '2', '14', 'POLICY.SECTION_4', 'f', '5', '', null, null, null, null, 'f', 'f', null, 'f', null, null, null, null, null, null, 'f');
INSERT INTO "SurveyQuestions" VALUES ('6', '2', '14', 'POLICY.SECTION_5', 'f', '6', '', null, null, null, null, 'f', 'f', null, 'f', null, null, null, null, null, null, 'f');
INSERT INTO "SurveyQuestions" VALUES ('7', '2', '14', 'POLICY.SECTION_6', 'f', '7', '', null, null, null, null, 'f', 'f', null, 'f', null, null, null, null, null, null, 'f');
INSERT INTO "SurveyQuestions" VALUES ('8', '2', '14', 'POLICY.SECTION_7', 'f', '8', '', null, null, null, null, 'f', 'f', null, 'f', null, null, null, null, null, null, 'f');
INSERT INTO "Products" ("id", "title", "description", "originalLangId", "projectId", "surveyId", "status", "langId") VALUES (2, 'Project 1', 'Project 1 Description', NULL, 2, 2, 1, NULL);
INSERT INTO "Workflows" ("id", "name", "description", "created", "productId") VALUES (2, 'Workflow 1', 'WF1 description', '2016-5-8 12:30:10.497', 2);
INSERT INTO "WorkflowSteps" ("workflowId", "id", "startDate", "endDate", "title", "provideResponses", "discussionParticipation", "blindReview", "seeOthersResponses", "allowTranslate", "position", "writeToAnswers", "allowEdit", "role", "langId") VALUES (2, 2, '2016-5-8 00:00:00', '2016-5-8 00:00:00', 'Step1', 'f', 't', NULL, NULL, 'f', 0, 't', 'f', 'Role 1', NULL);
INSERT INTO "WorkflowSteps" ("workflowId", "id", "startDate", "endDate", "title", "provideResponses", "discussionParticipation", "blindReview", "seeOthersResponses", "allowTranslate", "position", "writeToAnswers", "allowEdit", "role", "langId") VALUES (2, 3, '2016-5-9 00:00:00', '2016-5-9 00:00:00', 'Step 2', 'f', 't', 't', NULL, 'f', 1, 't', 'f', 'Role 2', NULL);
INSERT INTO "WorkflowSteps" ("workflowId", "id", "startDate", "endDate", "title", "provideResponses", "discussionParticipation", "blindReview", "seeOthersResponses", "allowTranslate", "position", "writeToAnswers", "allowEdit", "role", "langId") VALUES (2, 4, '2016-5-10 00:00:00', '2016-5-10 00:00:00', 'Step 3', 'f', 'f', NULL, NULL, 'f', 2, 't', 'f', 'Role 3', NULL);
INSERT INTO "WorkflowSteps" ("workflowId", "id", "startDate", "endDate", "title", "provideResponses", "discussionParticipation", "blindReview", "seeOthersResponses", "allowTranslate", "position", "writeToAnswers", "allowEdit", "role", "langId") VALUES (2, 5, '2016-5-11 00:00:00', '2016-5-11 00:00:00', 'Step 4', 'f', 't', NULL, NULL, 'f', 3, 't', 'f', 'Role 4', NULL);
INSERT INTO "WorkflowStepGroups" ("stepId", "groupId") VALUES (2, 2);
INSERT INTO "WorkflowStepGroups" ("stepId", "groupId") VALUES (2, 4);
INSERT INTO "WorkflowStepGroups" ("stepId", "groupId") VALUES (3, 2);
INSERT INTO "WorkflowStepGroups" ("stepId", "groupId") VALUES (4, 2);
INSERT INTO "WorkflowStepGroups" ("stepId", "groupId") VALUES (5, 2);
INSERT INTO "Tasks" ("id", "title", "description", "uoaId", "stepId", "created", "productId", "startDate", "endDate", "userId", "langId") VALUES (2, NULL, NULL, 66, 2, '2016-5-8 12:31:46.604', 2, '2016-5-8 00:00:00', '2016-5-8 00:00:00', 2, NULL);
INSERT INTO "Tasks" ("id", "title", "description", "uoaId", "stepId", "created", "productId", "startDate", "endDate", "userId", "langId") VALUES (3, NULL, NULL, 66, 3, '2016-5-8 12:31:50.97', 2, '2016-5-9 00:00:00', '2016-5-9 00:00:00', 2, NULL);
INSERT INTO "Tasks" ("id", "title", "description", "uoaId", "stepId", "created", "productId", "startDate", "endDate", "userId", "langId") VALUES (4, NULL, NULL, 66, 4, '2016-5-8 12:31:54.615', 2, '2016-5-10 00:00:00', '2016-5-10 00:00:00', 2, NULL);
INSERT INTO "Tasks" ("id", "title", "description", "uoaId", "stepId", "created", "productId", "startDate", "endDate", "userId", "langId") VALUES (5, NULL, NULL, 66, 5, '2016-5-8 12:31:59.092', 2, '2016-5-11 00:00:00', '2016-5-11 00:00:00', 2, NULL);
INSERT INTO "ProductUOA" ("productId", "UOAid", "currentStepId", "isComplete") VALUES (2, 66, 2, 'f');
